"IBCSplitCode","AMBestDoc"
"0110a00","farming - mushrooms.htm"
"0121a00","farming - orchards.htm"
"0121b00","farming - orchards.htm"
"0121c00","farming - mushrooms.htm"
"0121c90","farming - vegetables and melons.htm"
"0121d00","farming - vegetables and melons.htm"
"0122a00","farming - vegetables and melons.htm"
"0123a00","nurseries - wholesale and retail.htm"
"0130a00","farming - dairy.htm"
"0140a00","breeding farms - horses.htm"
"0141a00","stables and riding academies.htm"
"0141a10","stables and riding academies.htm"
"0142a00","artificial insemination for cattle breeding.htm"
"0150a10","poultry - table egg production.htm"
"0150a20","poultry - raising.htm"
"0150z00","breeding farms - ratite birds.htm"
"0160a00","feedlots.htm"
"0170a00","hog confinement facilities.htm"
"0190a00","feedlots.htm"
"0190b00","feedlots.htm"
"0190c00","feedlots.htm"
"0190d00","apiaries - commercial.htm"
"0190e00","farm machinery and power equipment dealers.htm"
"0190e10","farm machinery and power equipment dealers.htm"
"0190e20","self-storage facilities.htm"
"0190e30","farm machinery and power equipment dealers.htm"
"0190e40","farm machinery and power equipment dealers.htm"
"0190e50","farm machinery and power equipment dealers.htm"
"0190f00","apartments cooperatives and condominiums.htm"
"0190f10","public warehouses.htm"
"0190f20","self-storage facilities.htm"
"0190f30","apartments cooperatives and condominiums.htm"
"0190g00","public warehouses.htm"
"0190g10","public warehouses.htm"
"0190z00","breeding farms - small animal.htm"
"0190z10","breeding farms - small animal.htm"
"0190z90","feedlots.htm"
"0200a00","farming - tobacco.htm"
"0210a00","breeding farms - small animal.htm"
"0630a00","nurseries - wholesale and retail.htm"
"0730a00","artificial insemination for cattle breeding.htm"
"0730b00","farming - turfgrass sod.htm"
"0730c00","grading of land.htm"
"0730z00","nurseries - wholesale and retail.htm"
"0731a10","farming - cash grains.htm"
"0731a20","farming - cash grains.htm"
"0731a30","farm machinery and power equipment dealers.htm"
"0731a40","seed processors.htm"
"0731a50","grading of land.htm"
"0733a00","aerial application contractors.htm"
"0734a00","nurseries - wholesale and retail.htm"
"0735a00","lawn care and landscaping contractors.htm"
"0735b00","lawn care and landscaping contractors.htm"
"0735x00","oil or gas well drilling contractors.htm"
"0736a00","tree care services.htm"
"0737a00","animal hospitals.htm"
"0738a00","pet sitters.htm"
"0738b00","kennels - boarding.htm"
"0741a00","auctioneers and auction houses.htm"
"0742a00","feedlots.htm"
"0791a00","logging.htm"
"0981a00","aquaculture operations.htm"
"0982a00","commercial fishing.htm"
"0982b00","charter boat fishing.htm"
"1001a00","blasting contractors.htm"
"1002a00","blasting contractors.htm"
"1101a00","mining - coal - surface.htm"
"1102a00","mining - coal - surface.htm"
"1391a00","oil or gas well drilling contractors.htm"
"1392a00","oil or gas well drilling contractors.htm"
"1393a10","oil or gas well drilling contractors.htm"
"1393a20","excavation contractors.htm"
"1393b00","oil or gas well drilling contractors.htm"
"1393c00","oil or gas well drilling contractors.htm"
"1393z00","oil or gas well drilling contractors.htm"
"1394a00","oil or gas well drilling contractors.htm"
"1394a20","oil or gas well drilling contractors.htm"
"1394a30","oil or gas well drilling contractors.htm"
"1394a40","oil or gas well drilling contractors.htm"
"1394a50","oil or gas well drilling contractors.htm"
"1394a60","oil or gas well drilling contractors.htm"
"1394a70","oil or gas well drilling contractors.htm"
"1394a90","oil or gas well drilling contractors.htm"
"1394b00","oil or gas well drilling contractors.htm"
"1394b10","oil or gas well drilling contractors.htm"
"1394b20","oil or gas well drilling contractors.htm"
"1394c00","oil or gas well drilling contractors.htm"
"1394d00","oil or gas well drilling contractors.htm"
"1394e00","oil or gas well drilling contractors.htm"
"1394e10","oil or gas well drilling contractors.htm"
"1394e20","oil or gas well drilling contractors.htm"
"1394f10","oil or gas well drilling contractors.htm"
"1394f20","oil or gas well drilling contractors.htm"
"1394g00","oil or gas well drilling contractors.htm"
"1394g10","oil or gas well drilling contractors.htm"
"1394h00","grading of land.htm"
"1394h10","environmental consulting firms.htm"
"1394h20","grading of land.htm"
"1394h30","excavation contractors.htm"
"1394i00","oil or gas well drilling contractors.htm"
"1394i10","oil or gas well drilling contractors.htm"
"1394i20","oil or gas well drilling contractors.htm"
"1394i30","oil or gas well drilling contractors.htm"
"1394i40","oil or gas well drilling contractors.htm"
"1394j00","oil or gas well drilling contractors.htm"
"1394k00","oil or gas well drilling contractors.htm"
"1394k10","oil or gas well drilling contractors.htm"
"1394z00","oil or gas well drilling contractors.htm"
"1395a00","oil or gas well drilling contractors.htm"
"1395a10","oil or gas well drilling contractors.htm"
"1395b00","oil or gas well drilling contractors.htm"
"1395b10","oil or gas well drilling contractors.htm"
"1395b20","oil or gas well drilling contractors.htm"
"1395b30","oil or gas well drilling contractors.htm"
"1395b40","oil or gas well drilling contractors.htm"
"1395b50","oil or gas well drilling contractors.htm"
"1395b60","oil or gas well drilling contractors.htm"
"1395c00","oil or gas well drilling contractors.htm"
"1395c10","oil or gas well drilling contractors.htm"
"1396a00","oil or gas well drilling contractors.htm"
"1396b00","oil or gas well drilling contractors.htm"
"1397a00","surveyors - land.htm"
"1397a10","computer-aided mapping services.htm"
"1397b10","surveyors - land.htm"
"1398a00","welding brazing and cutting.htm"
"1398b00","welding brazing and cutting.htm"
"1398c00","welding brazing and cutting.htm"
"1401a00","mining - crushed stone.htm"
"1402a00","mining - construction sand and gravel.htm"
"1403a00","mining - crushed stone.htm"
"1403z00","mining - crushed stone.htm"
"1404a00","mining - crushed stone.htm"
"1511a00","building construction - general contractors.htm"
"1511b00","trucking - specialized carriers.htm"
"1512z00","demolition contractors.htm"
"1513a00","building construction - general contractors.htm"
"1514a00","pile driving contractors.htm"
"1515a00","blasting contractors.htm"
"1521a00","paving contractors - concrete.htm"
"1522a00","fence installation contractors and retailers.htm"
"1523a00","paving contractors - asphalt.htm"
"1524a00","water well drilling contractors.htm"
"1525a00","lawn care and landscaping contractors.htm"
"1525b00","lawn care and landscaping contractors.htm"
"1525x00","lawn care and landscaping contractors.htm"
"1526a00","grading of land.htm"
"1527a00","sewer maintenance contractors.htm"
"1528a00","waterworks operations.htm"
"1531a00","farm machinery and power equipment dealers.htm"
"1532a00","advertising companies - outdoor.htm"
"1533a00","septic services companies.htm"
"1533a10","septic services companies.htm"
"1533b00","underground storage tank remediation contractors.htm"
"1533x00","septic services companies.htm"
"1533x10","underground storage tank remediation contractors.htm"
"1534a00","telephone companies.htm"
"1535a00","glass dealers and installers.htm"
"1536a00","millwrights.htm"
"1536b00","farm machinery and power equipment dealers.htm"
"1536x00","millwrights.htm"
"1537a00","farm machinery manufacturing.htm"
"1621a00","paving contractors - concrete.htm"
"1622a00","carpentry contractors.htm"
"1623a00","pile driving contractors.htm"
"1624a00","pile driving contractors.htm"
"1625a00","excavation contractors.htm"
"1631a00","paving contractors - asphalt.htm"
"1631b00","grading of land.htm"
"1631x00","paving contractors - concrete.htm"
"1632a00","paving contractors - concrete.htm"
"1633a00","waterworks operations.htm"
"1633x00","oil or gas well drilling contractors.htm"
"1634a00","grading of land.htm"
"1635a00","excavation contractors.htm"
"1636a00","sewer maintenance contractors.htm"
"1637a00","waterworks operations.htm"
"1638a00","excavation contractors.htm"
"1711a00","plumbing contractors.htm"
"1712a00","boiler maintenance contractors.htm"
"1712x00","boiler maintenance contractors.htm"
"1713a00","boiler maintenance contractors.htm"
"1713b00","plumbing contractors.htm"
"1713x00","plumbing contractors.htm"
"1713x20","plumbing contractors.htm"
"1714a00","lawn care and landscaping contractors.htm"
"1715a00","heating ventilation and air conditioning contractors.htm"
"1715b00","heating ventilation and air conditioning contractors.htm"
"1715x00","heating ventilation and air conditioning contractors.htm"
"1715x10","heating ventilation and air conditioning contractors.htm"
"1716a00","heating ventilation and air conditioning contractors.htm"
"1716b00","wood and coal stove dealers.htm"
"1717a00","heating ventilation and air conditioning contractors.htm"
"1718a00","refrigeration contractors.htm"
"1719a00","solar hot water systems - dealers and installers.htm"
"1720a00","water treatment (point of use) - retail.htm"
"1731a00","electrical contractors.htm"
"1731b00","electrical contractors.htm"
"1731x00","electrical contractors.htm"
"1732a00","telephone companies.htm"
"1733a00","cable television system operators.htm"
"1734a00","cable television system operators.htm"
"1735a00","elevator contractors.htm"
"1736a00","electrical contractors.htm"
"1736b10","farm machinery and power equipment dealers.htm"
"1736b20","electrical contractors.htm"
"1741x00","oil or gas well drilling contractors.htm"
"1741z00","ready-mixed concrete manufacturing and delivery services.htm"
"1742a00","iron and steel erection contractors.htm"
"1743a00","fireplace construction contractors.htm"
"1744a00","wall and ceiling contractors.htm"
"1745a00","tile and marble contractors.htm"
"1751a00","carpentry contractors.htm"
"1752a00","carpentry contractors.htm"
"1753a00","insulation contractors - commercial and residential.htm"
"1754a00","painting and paperhanging contractors.htm"
"1755a00","painting and paperhanging contractors.htm"
"1756a00","siding contractors.htm"
"1757a00","interior designers.htm"
"1761a00","sheet metal work.htm"
"1762a00","sheet metal work.htm"
"1763a00","welding brazing and cutting.htm"
"1764a00","iron and steel erection contractors.htm"
"1765z00","iron and steel erection contractors.htm"
"1766a00","door and window installation contractors.htm"
"1770a00","water well drilling contractors.htm"
"1770b00","water well drilling contractors.htm"
"1771a00","stevedore companies.htm"
"1772a00","boat manufacturing - fiberglass hull.htm"
"1773a00","demolition contractors.htm"
"1774a00","excavation contractors.htm"
"1774x00","excavation contractors.htm"
"1775a00","roofing contractors.htm"
"1776a00","roofing contractors.htm"
"1776b00","roofing contractors.htm"
"1777a00","waterproofing contractors.htm"
"1778a00","septic services companies.htm"
"1779a00","sandblasting contractors.htm"
"1779b00","waterworks operations.htm"
"1779x00","sandblasting contractors.htm"
"1779x10","water well drilling contractors.htm"
"1779z00","sandblasting contractors.htm"
"1780a00","wall and ceiling contractors.htm"
"1781a00","fire extinguisher sales and service.htm"
"1782a00","asbestos abatement contractors.htm"
"1782b00","radon mitigation contractors.htm"
"1782c00","radon testing firms.htm"
"1782d00","underground storage tank remediation contractors.htm"
"1782e00","lead abatement contractors.htm"
"1782f00","hazardous waste site mitigation contractors.htm"
"1782x00","centralized waste treatment facilities.htm"
"1783a00","nondestructive testing contractors.htm"
"1783a10","laboratories - commercial testing.htm"
"1783a20","nondestructive testing contractors.htm"
"1783b00","nondestructive testing contractors.htm"
"1783x00","oil or gas well drilling contractors.htm"
"1783x10","nondestructive testing contractors.htm"
"1783x20","nondestructive testing contractors.htm"
"1811a00","building construction - general contractors.htm"
"1812a00","building construction - general contractors.htm"
"1813a00","manufactured home producers.htm"
"1814a00","building construction - general contractors.htm"
"1830a00","iron and steel erection contractors.htm"
"1830b00","iron and steel erection contractors.htm"
"1830c00","restoration firms.htm"
"1830d00","architectural preservationists.htm"
"1831a00","swimming pool dealers and installers.htm"
"1831b00","rental and leasing services - equipment.htm"
"1841a00","public warehouses.htm"
"1841a10","public warehouses.htm"
"1841a20","public warehouses.htm"
"1842a00","public warehouses.htm"
"2001a00","meat packing plants.htm"
"2001b00","meat products processing.htm"
"2001c00","poultry - processing.htm"
"2001d00","meat products processing.htm"
"2002a00","meat packing plants.htm"
"2002b00","pet food manufacturing.htm"
"2003a00","fish and seafood dealers - wholesale and retail.htm"
"2003b00","fish and seafood dealers - wholesale and retail.htm"
"2003c00","meat products processing.htm"
"2011a00","cheese manufacturing.htm"
"2011b00","ice cream and frozen dessert manufacturing.htm"
"2011c00","fluid milk processing plants.htm"
"2021a00","fish and seafood freezing operations.htm"
"2021b00","ice cream and frozen dessert manufacturing.htm"
"2022a00","ice manufacturers and distributors.htm"
"2030a00","baby food manufacturing.htm"
"2030b00","canning - fruits and vegetables.htm"
"2030c00","canning - fish and seafood.htm"
"2030d00","jam and jelly manufacturing.htm"
"2030e00","pickling plants.htm"
"2041a00","pet food manufacturing.htm"
"2041b00","feed manufacturing.htm"
"2042a00","cereal manufacturing.htm"
"2043a00","nut processing.htm"
"2043b00","spice, herb and extract processing.htm"
"2044a00","farming - vegetables and melons.htm"
"2044b00","feed manufacturing.htm"
"2044c00","flour mills.htm"
"2044z00","seed processors.htm"
"2051a00","bakeries - commercial and wholesale.htm"
"2051b00","pasta manufacturing.htm"
"2052a00","snack food manufacturing.htm"
"2052b00","snack food manufacturing.htm"
"2052c00","chocolate and cocoa manufacturing.htm"
"2052z00","confectionery manufacturing.htm"
"2060a00","sugar manufacturing (beet and cane).htm"
"2070a00","distilleries.htm"
"2081a00","breweries.htm"
"2081b00","pickling plants.htm"
"2081c00","wineries.htm"
"2082a00","bottled water production and delivery.htm"
"2082b00","bottling - soft drinks.htm"
"2082c00","fruit juice manufacturing.htm"
"2090a00","snack food manufacturing.htm"
"2100a00","meat products processing.htm"
"2110a00","tobacconists.htm"
"2110b00","tobacconists.htm"
"2291a00","textile mills - yarn spinning and weaving.htm"
"2300a00","floor covering stores.htm"
"2310a00","clothing stores.htm"
"2310b00","tailors.htm"
"2310bH0","tailors.htm"
"2311a00","apparel manufacturing.htm"
"2330a00","apparel manufacturing.htm"
"2330z00","clothing stores.htm"
"2331a00","fur garment manufacturing.htm"
"2332a00","clothing stores.htm"
"2351a00","window treatments manufacturing.htm"
"2352a00","textile mills - yarn spinning and weaving.htm"
"2352c00","textile mills - yarn spinning and weaving.htm"
"2352d00","textile mills - yarn spinning and weaving.htm"
"2352e00","wire rope manufacturing and fabricating.htm"
"2352f00","textile mills - yarn spinning and weaving.htm"
"2352z00","textile mills - yarn spinning and weaving.htm"
"2420a00","plywood manufacturing.htm"
"2420b00","sawmills and planing mills.htm"
"2490a00","woodworking shops.htm"
"2490b00","woodworking shops.htm"
"2490z00","sawmills and planing mills.htm"
"2491a00","furniture manufacturing - wood.htm"
"2492a00","pallet manufacturing and recycling.htm"
"2492b00","pallet manufacturing and recycling.htm"
"2492c00","furniture manufacturing - wood.htm"
"2493a00","furniture manufacturing - wood.htm"
"2493b00","furniture manufacturing - wood.htm"
"2494a00","woodworking shops.htm"
"2495a00","woodworking shops.htm"
"2591a00","furniture manufacturing - wood.htm"
"2591b00","juvenile furniture manufacturing.htm"
"2592a00","down and feather products manufacturing.htm"
"2592b00","mattress and box spring manufacturing.htm"
"2620a00","pulp and paper mills.htm"
"2631a00","converted paper products manufacturing.htm"
"2632a00","pulp and paper mills.htm"
"2632b00","converted paper products manufacturing.htm"
"2633a00","converted paper products manufacturing.htm"
"2710a00","magazine publishing.htm"
"2710b00","newspaper publishers and online content providers.htm"
"2750a00","book publishing - commercial.htm"
"2750b00","printing - commercial.htm"
"2750c00","demonstrative evidence firms.htm"
"2750d00","printing - commercial.htm"
"2750e00","photoengraving.htm"
"2750f00","printing - commercial.htm"
"2750g00","printing - quick printers.htm"
"2811a00","battery manufacturing - dry cell.htm"
"2811b00","battery manufacturing - wet cell.htm"
"2811z00","fertilizer manufacturing.htm"
"2812a00","dry ice manufacturing.htm"
"2812b00","industrial gas manufacturing.htm"
"2813a00","industrial gas manufacturing.htm"
"2814a00","pesticide manufacturing.htm"
"2815a00","paint manufacturing.htm"
"2815b00","paint manufacturing.htm"
"2816a00","dye and pigment manufacturing.htm"
"2817a00","hazardous waste site mitigation contractors.htm"
"2820a00","plastics molding, forming and extruding.htm"
"2820b00","particleboard manufacturing.htm"
"2820c00","plastics fabricating and finishing.htm"
"2820d00","plastics fabricating and finishing.htm"
"2820z00","plastics fabricating and finishing.htm"
"2832a00","cosmetics manufacturing.htm"
"2832b00","cosmetics manufacturing.htm"
"2833a00","pharmaceutical manufacturing.htm"
"2833b00","health food stores.htm"
"2840a00","soap and detergent manufacturing.htm"
"2850a00","gun manufacturing.htm"
"2850b00","fertilizer manufacturing.htm"
"2850c00","gun manufacturing.htm"
"2860a00","fireworks manufacturing and exhibiting.htm"
"2872a00","adhesives manufacturing.htm"
"2873a00","fertilizer manufacturing.htm"
"2875z00","pesticide manufacturing.htm"
"2876z00","fertilizer manufacturing.htm"
"2877z00","hazardous waste site mitigation contractors.htm"
"2950a00","paving contractors - asphalt.htm"
"2981a00","cosmetics manufacturing.htm"
"2981b00","oil or gas well drilling contractors.htm"
"2982a00","mining - coal - surface.htm"
"2990a00","candle manufacturing.htm"
"3062a00","tire retreading.htm"
"3063a00","tire manufacturing.htm"
"3064a00","condom manufacturing.htm"
"3064b00","condom manufacturing.htm"
"3065a00","tire manufacturing.htm"
"3066a00","floor covering stores.htm"
"3071a00","sign shops.htm"
"3071b00","sign shops.htm"
"3072a00","plastics molding, forming and extruding.htm"
"3072b00","plastics molding, forming and extruding.htm"
"3073a00","plastics molding, forming and extruding.htm"
"3073b00","plastics molding, forming and extruding.htm"
"3073c00","writing instruments manufacturing.htm"
"3073d00","plastics molding, forming and extruding.htm"
"3073z00","plastics molding, forming and extruding.htm"
"3191a00","tanneries.htm"
"3192a00","leather goods manufacturing - non-apparel.htm"
"3193a00","apparel manufacturing.htm"
"3281a00","gift or souvenir shops.htm"
"3281b00","pottery manufacturing - household and industrial.htm"
"3282a00","glassblowing operations.htm"
"3282b00","glassware manufacturing.htm"
"3282c00","glass manufacturing.htm"
"3282d00","stained glass studios.htm"
"3291a00","brick manufacturing.htm"
"3291b00","precast concrete products manufacturing.htm"
"3292a00","ready-mixed concrete manufacturing and delivery services.htm"
"3293a00","brick manufacturing.htm"
"3294a00","ready-mixed concrete manufacturing and delivery services.htm"
"3295a00","monument manufacturers and retailers.htm"
"3296a00","brick manufacturing.htm"
"3297a00","sandblasting contractors.htm"
"3298a00","asbestos abatement contractors.htm"
"3320a00","foundries.htm"
"3320b00","steel mills.htm"
"3360a00","foundries.htm"
"3360b00","foundries.htm"
"3360c00","foundries.htm"
"3360d00","steel mills.htm"
"3491a00","electrical appliance wholesaling.htm"
"3492a00","computer stores.htm"
"3493a00","computer and computer peripherals manufacturing.htm"
"3494z00","semiconductor manufacturing.htm"
"3495a00","semiconductor manufacturing.htm"
"3496a00","record and video stores.htm"
"3570a00","lamp manufacturing - electric.htm"
"3570b00","tool and die shops.htm"
"3570c00","portable scientific instrument manufacturing.htm"
"3570z00","electrical appliance wholesaling.htm"
"3571a00","electrical appliance wholesaling.htm"
"3572a00","heating ventilation and air conditioning contractors.htm"
"3573a00","electrical appliance stores.htm"
"3574a00","refrigeration contractors.htm"
"3575a00","heating ventilation and air conditioning contractors.htm"
"3576a00","alarm systems dealers and installers.htm"
"3590a00","sheet metal work.htm"
"3590b00","wire rope manufacturing and fabricating.htm"
"3590c00","can manufacturing.htm"
"3590d00","cutlery manufacturing.htm"
"3590e00","gear manufacturing.htm"
"3590f00","automated teller machine deployers.htm"
"3590g00","tool and die shops.htm"
"3590h00","ornamental metalworking.htm"
"3590i00","can manufacturing.htm"
"3590j00","tool and die shops.htm"
"3590k00","wire manufacturing.htm"
"3590l00","building material dealers.htm"
"3590m00","metal stamping and fabricating operations.htm"
"3590x00","metal stamping and fabricating operations.htm"
"3590z00","sheet metal work.htm"
"3591a00","metal stamping and fabricating operations.htm"
"3592a00","furniture manufacturing - wood.htm"
"3592b00","juvenile furniture manufacturing.htm"
"3593a00","portable scientific instrument manufacturing.htm"
"3593x00","tool and die shops.htm"
"3594a00","glassware manufacturing.htm"
"3595a00","metal stamping and fabricating operations.htm"
"3596a00","sign shops.htm"
"3597a00","electroplating contractors.htm"
"3597x00","electroplating contractors.htm"
"3690a00","metal stamping and fabricating operations.htm"
"3690z00","welding brazing and cutting.htm"
"3691a00","boiler maintenance contractors.htm"
"3691b00","tool and die shops.htm"
"3693a00","elevator contractors.htm"
"3694a00","farm machinery manufacturing.htm"
"3695z00","construction equipment manufacturing.htm"
"3730a00","boat manufacturing - fiberglass hull.htm"
"3790z00","bicycle manufacturing.htm"
"3791a00","gear manufacturing.htm"
"3792a00","motorcycle dealers.htm"
"3793a00","recreational vehicle dealers.htm"
"3794a00","automobile repair shops and oil change centers.htm"
"3795z00","gear manufacturing.htm"
"3796a00","automotive aftermarket parts and accessories stores.htm"
"3797a00","gear manufacturing.htm"
"3798a00","boat manufacturing - fiberglass hull.htm"
"3799a00","gear manufacturing.htm"
"3820z00","tool and die shops.htm"
"3821a00","photographic studios.htm"
"3822a00","contact lens manufacturing.htm"
"3824a00","architects and engineers.htm"
"3825a00","prosthetists offices.htm"
"3826z00","portable scientific instrument manufacturing.htm"
"3827a00","dental supply dealers.htm"
"3828a00","dental supply dealers.htm"
"3829a00","medical equipment dealers - wholesale and retail.htm"
"3871a00","clock and watch manufacturing.htm"
"3872a00","costume rental stores.htm"
"3873a00","jewelry manufacturing.htm"
"3960a00","broom brush and mop manufacturing.htm"
"3970a00","particleboard manufacturing.htm"
"3980z00","electric and acoustic guitar manufacturing.htm"
"3981a00","sporting goods stores.htm"
"3982a00","gun manufacturing.htm"
"3983a00","skate manufacturing.htm"
"3984a00","toy manufacturing.htm"
"3991a00","shopping centers and malls.htm"
"3992a00","apartments cooperatives and condominiums.htm"
"3992a10","apartments cooperatives and condominiums.htm"
"4000a00","armored car services.htm"
"4111a00","armored car services.htm"
"4112a00","public bus companies.htm"
"4113a00","public bus companies.htm"
"4114a00","paving contractors - concrete.htm"
"4115a00","ambulance services and rescue squads.htm"
"4115b00","limousine services.htm"
"4115c00","taxi companies.htm"
"4116a00","bakeries - retail.htm"
"4117a00","towing and recovery services.htm"
"4117b00","moving and storage firms.htm"
"4117c00","trucking - long haul.htm"
"4117c10","commercial composting.htm"
"4117d10","trucking - specialized carriers.htm"
"4117d20","trucking - specialized carriers.htm"
"4117d30","trucking - specialized carriers.htm"
"4117d40","trucking - specialized carriers.htm"
"4117d50","trucking - specialized carriers.htm"
"4117d60","trucking - specialized carriers.htm"
"4117d70","trucking - specialized carriers.htm"
"4117z00","trucking - specialized carriers.htm"
"4118a00","messenger and courier services.htm"
"4118b00","messenger and courier services.htm"
"4119a00","bus charter services.htm"
"4120a00","air charter services.htm"
"4120b00","hot air balloon services.htm"
"4120c00","hangar operations.htm"
"4210a00","grain elevator operations.htm"
"4220a00","grain elevator operations.htm"
"4221a00","public refrigerated warehouses.htm"
"4231a00","public warehouses.htm"
"4241a00","public refrigerated warehouses.htm"
"4251a00","public refrigerated warehouses.htm"
"4251b00","public refrigerated warehouses.htm"
"4261a00","moving and storage firms.htm"
"4262a00","self-storage facilities.htm"
"4263a00","public warehouses.htm"
"4273a00","public warehouses.htm"
"4274a00","public warehouses.htm"
"4275a00","moving and storage firms.htm"
"4276a00","moving and storage firms.htm"
"4276z00","moving and storage firms.htm"
"4277a00","data storage centers.htm"
"4281a00","public warehouses.htm"
"4290a00","stevedore companies.htm"
"4461a00","public warehouses.htm"
"4462a00","marinas.htm"
"4470z00","ferries.htm"
"4471a00","marine dealers.htm"
"4472a00","sailing schools.htm"
"4473a00","marinas.htm"
"4474a00","marinas.htm"
"4475a00","marinas.htm"
"4476a00","marinas.htm"
"4477a00","sailing schools.htm"
"4478a00","marinas.htm"
"4479a00","marinas.htm"
"4580a00","hangar operations.htm"
"4780a00","automobile repair shops and oil change centers.htm"
"4811a00","telephone companies.htm"
"4812a00","cable television system operators.htm"
"4820a00","telephone companies.htm"
"4871a00","freight brokers.htm"
"4891a00","radio broadcasting stations.htm"
"4892a00","radio broadcasting stations.htm"
"4910a00","biofuel production.htm"
"4910b00","biofuel production.htm"
"4921a00","liquefied petroleum (lp) gas retailing.htm"
"4922a00","liquefied petroleum (lp) gas retailing.htm"
"4950a00","windmill dealers and installers.htm"
"4950b00","solar panel installers.htm"
"4950z00","boiler maintenance contractors.htm"
"4951a00","sanitary landfills.htm"
"4952a00","garbage or refuse collecting.htm"
"4953a00","garbage or refuse collecting.htm"
"4954a00","waterworks operations.htm"
"4955a00","sewer maintenance contractors.htm"
"4956a00","hazardous waste site mitigation contractors.htm"
"4957a00","grading of land.htm"
"4958a00","recycling collection centers.htm"
"4958b00","recycling collection centers.htm"
"4958c00","recycling collection centers.htm"
"4959a00","waterworks operations.htm"
"5011a00","automobile dealers - new and used - retail.htm"
"5012a00","recreational vehicle dealers.htm"
"5013a00","recreational vehicle dealers.htm"
"5014a00","automobile repair shops and oil change centers.htm"
"5015a00","automotive aftermarket parts and accessories stores.htm"
"5016a00","automotive aftermarket parts and accessories stores.htm"
"5021a00","tire dealers - retail.htm"
"5022z00","condom manufacturing.htm"
"5032a00","cosmetics manufacturing.htm"
"5033a00","pharmacies.htm"
"5033b00","health food stores.htm"
"5034a00","pharmacies.htm"
"5041a00","fertilizer manufacturing.htm"
"5041b00","fuel oil dealers.htm"
"5042a00","liquefied petroleum (lp) gas retailing..htm"
"5043a00","paint and wallpaper stores.htm"
"5044a00","hazardous waste site mitigation contractors.htm"
"5045a00","seed processors.htm"
"5046a00","fertilizer manufacturing.htm"
"5047z00","hazardous waste site mitigation contractors.htm"
"5051a00","shoe stores - retail.htm"
"5052a00","clothing stores.htm"
"5053a00","fur salons.htm"
"5054a00","clothing stores.htm"
"5055a00","clothing stores.htm"
"5056a00","clothing stores.htm"
"5057a00","tea manufacturing.htm"
"5058z00","cutlery manufacturing.htm"
"5060a00","dairy products - wholesaling.htm"
"5060z00","food distributors.htm"
"5061a00","beverage distributors.htm"
"5062a00","fish and seafood dealers - wholesale and retail.htm"
"5063a00","farming - vegetables and melons.htm"
"5064a00","grain elevator operations.htm"
"5080a00","tobacconists.htm"
"5081a00","tobacconists.htm"
"5091a00","electrical appliance wholesaling.htm"
"5092a00","building material dealers.htm"
"5093a00","heating ventilation and air conditioning contractors.htm"
"5094a00","electrical appliance wholesaling.htm"
"5101a00","farm machinery and power equipment dealers.htm"
"5102z00","farm machinery and power equipment dealers.htm"
"5103a00","marine dealers.htm"
"5104a00","air charter services.htm"
"5105a00","construction equipment dealerships.htm"
"5106z00","farm machinery and power equipment dealers.htm"
"5107a00","marine dealers.htm"
"5108a00","automotive aftermarket parts and accessories stores.htm"
"5111a00","fuel oil dealers.htm"
"5112a00","liquefied petroleum (lp) gas retailing.htm"
"5113a00","ready-mixed concrete manufacturing and delivery services.htm"
"5114a00","liquefied petroleum (lp) gas retailing.htm"
"5121a00","automobile and truck dismantlers.htm"
"5121b00","scrap metal processors.htm"
"5122a00","recycling collection centers.htm"
"5123a00","scrap metal processors.htm"
"5124a00","automotive aftermarket parts and accessories stores.htm"
"5126a00","tire retreading.htm"
"5130a00","beverage distributors.htm"
"5140a00","stationery and office supply stores.htm"
"5151a00","antique dealers.htm"
"5152a00","department stores.htm"
"5153a00","floor covering stores.htm"
"5154a00","floor covering stores.htm"
"5155a00","window treatments manufacturing.htm"
"5161a00","logging.htm"
"5162a00","building material dealers.htm"
"5163a00","farm machinery and power equipment dealers.htm"
"5171a00","costume rental stores.htm"
"5172a00","jewelry stores.htm"
"5172b00","jewelry stores.htm"
"5172c00","coin and bullion dealers.htm"
"5180a00","bookstores - retail.htm"
"5190z00","department stores.htm"
"5191a00","plastics molding, forming and extruding.htm"
"5191b00","department stores.htm"
"5191c00","department stores.htm"
"5192a00","medical equipment dealers - wholesale and retail.htm"
"5193z00","model and hobby shops.htm"
"5194a00","optical goods stores.htm"
"5195a00","camera stores.htm"
"5196a00","team dealers.htm"
"5196b00","sporting goods stores.htm"
"5211a00","glassware manufacturing.htm"
"5212a00","building material dealers.htm"
"5221a00","coin and bullion dealers.htm"
"5221b00","coin and bullion dealers.htm"
"5222z00","sheet metal work.htm"
"5223a00","bar and restaurant suppliers.htm"
"5224a00","beauty salon and barber shop suppliers.htm"
"5231a00","computer stores.htm"
"5232a00","computer stores.htm"
"5232b00","stationery and office supply stores.htm"
"5240a00","dry ice manufacturing.htm"
"5251a00","electrical appliance stores.htm"
"5251b00","building material dealers.htm"
"5252a00","building material dealers.htm"
"5253a00","building material dealers.htm"
"5254a00","paint and wallpaper stores.htm"
"5255a00","automotive aftermarket parts and accessories stores.htm"
"5255b00","mobile electronics stores.htm"
"5255c00","tire dealers - retail.htm"
"5256a00","manufactured home retailers.htm"
"5257a00","building material dealers.htm"
"5258a00","electrical appliance stores.htm"
"5258b00","swimming pool dealers and installers.htm"
"5259a00","gift or souvenir shops.htm"
"5259b00","glass dealers and installers.htm"
"5291a00","shopping centers and malls.htm"
"5291b00","shopping centers and malls.htm"
"5292a00","apartments cooperatives and condominiums.htm"
"5292a10","apartments cooperatives and condominiums.htm"
"5301a00","shopping centers and malls.htm"
"5302a00","flea markets and farmers markets.htm"
"5311a00","furniture stores.htm"
"5312a00","clothing stores.htm"
"5313a00","floor covering stores.htm"
"5314z00","thrift stores and resale shops.htm"
"5321a00","department stores.htm"
"5322a00","department stores.htm"
"5331a00","vending and amusement machine operators.htm"
"5332a00","vending and amusement machine operators.htm"
"5341a00","direct selling organizations.htm"
"5342a00","direct selling organizations.htm"
"5421a00","bakeries - retail.htm"
"5421b00","bakeries - retail.htm"
"5422a00","dairy products - wholesaling.htm"
"5431a00","candy stores.htm"
"5432a00","meat packing plants.htm"
"5433a00","supermarkets and grocery stores.htm"
"5433b00","fruit and vegetable dealers - retail.htm"
"5433c00","supermarkets and grocery stores.htm"
"5433d00","supermarkets and grocery stores.htm"
"5433e00","health food stores.htm"
"5433g00","fish and seafood dealers - wholesale and retail.htm"
"5433h00","supermarkets and grocery stores.htm"
"5433h10","bottled water production and delivery.htm"
"5511a00","automobile dealers - new and used - retail.htm"
"5512a00","automobile dealers - new and used - retail.htm"
"5513a00","automobile repair shops and oil change centers.htm"
"5513b00","truck stops and travel centers.htm"
"5513c00","automobile repair shops and oil change centers.htm"
"5514a00","automotive aftermarket parts and accessories stores.htm"
"5514b00","automotive aftermarket parts and accessories stores.htm"
"5515a00","farm machinery and power equipment dealers.htm"
"5516a00","recreational vehicle dealers.htm"
"5521a00","gasoline stations - full-service and self-service.htm"
"5522a00","gasoline stations - full-service and self-service.htm"
"5523a00","automobile repair shops and oil change centers.htm"
"5524a00","car washes.htm"
"5524b00","automobile body repair shops.htm"
"5525a00","gasoline stations - full-service and self-service.htm"
"5526a00","car washes.htm"
"5527a00","automobile body repair shops.htm"
"5531a00","automobile body repair shops.htm"
"5532a00","tire retreading.htm"
"5591a00","scuba diving shops - retail.htm"
"5592a00","automotive aftermarket parts and accessories stores.htm"
"5680a00","fur salons.htm"
"5691a00","shoe stores - retail.htm"
"5692a00","clothing stores.htm"
"5693a00","clothing stores.htm"
"5694a00","clothing stores.htm"
"5695a00","clothing stores.htm"
"5711a00","photographic studios.htm"
"5711b00","antique dealers.htm"
"5711c00","art galleries and dealers.htm"
"5712a00","fabric stores.htm"
"5712b00","floor covering stores.htm"
"5713a00","furniture stores.htm"
"5713b00","mattress stores.htm"
"5713c00","electrical appliance stores.htm"
"5713d00","thrift stores and resale shops.htm"
"5714a00","electrical appliance stores.htm"
"5715a00","record and video stores.htm"
"5715b00","record and video stores.htm"
"5716a00","floor covering stores.htm"
"5717a00","furniture stores.htm"
"5717b00","electrical appliance stores.htm"
"5717c00","furniture stores.htm"
"5718a00","electrical appliance stores.htm"
"5811a10","restaurants.htm"
"5811a20","fast food restaurants.htm"
"5811b00","fast food restaurants.htm"
"5811c00","restaurants.htm"
"5811d00","restaurants.htm"
"5812a10","restaurants.htm"
"5812a20","fast food restaurants.htm"
"5812b00","fast food restaurants.htm"
"5812c00","restaurants.htm"
"5812d00","restaurants.htm"
"5813a00","coffee houses shops and bars.htm"
"5813b00","fast food restaurants.htm"
"5813b10","fast food restaurants.htm"
"5813b20","fast food restaurants.htm"
"5813c00","coffee houses shops and bars.htm"
"5814a00","catering.htm"
"5821a00","bars taverns cocktail lounges and nightclubs.htm"
"5822a00","bars taverns cocktail lounges and nightclubs.htm"
"5823a00","bars taverns cocktail lounges and nightclubs.htm"
"5823b00","bars taverns cocktail lounges and nightclubs.htm"
"5911a00","pharmacies.htm"
"5912a00","pharmacies.htm"
"5920a00","liquor stores.htm"
"5931a00","firearm stores.htm"
"5931b00","sporting goods stores.htm"
"5932a00","sporting goods stores.htm"
"5932a99","bait and tackle shops.htm"
"5933a00","ski shops.htm"
"5933z00","sporting goods stores.htm"
"5934a00","bicycle shops - sales and service.htm"
"5940a00","pawnshops.htm"
"5960a00","nurseries - wholesale and retail.htm"
"5960b00","lawn and garden equipment dealers.htm"
"5960c00","nurseries - wholesale and retail.htm"
"5970a00","jewelry stores.htm"
"5981a00","fuel oil dealers.htm"
"5982a00","fuel oil dealers.htm"
"5983a00","convenience stores.htm"
"5984a00","gasoline stations - full-service and self-service.htm"
"5984z00","fuel oil dealers.htm"
"5990a00","optical goods stores.htm"
"5990l00","department stores.htm"
"5991a00","convenience stores.htm"
"5991b00","tobacconists.htm"
"5992a00","shoe repair shops.htm"
"5993a00","florist shops - retail.htm"
"5993b00","bookstores - retail.htm"
"5993b99","comic-book stores.htm"
"5993c00","stationery and office supply stores.htm"
"5994a00","pet shops.htm"
"5995a00","department stores.htm"
"5996a00","model and hobby shops.htm"
"5996b00","flea markets and farmers markets.htm"
"5996c00","arts and crafts stores.htm"
"5996h00","toy stores.htm"
"5997a00","camera stores.htm"
"5998a00","warehouse stores-superstores.htm"
"5999a00","gift or souvenir shops.htm"
"6021a00","banks - commercial.htm"
"6022a00","banks - commercial.htm"
"6023a00","banks - commercial.htm"
"6120a00","banks - commercial.htm"
"6140a00","banks - commercial.htm"
"6150a00","financial planning firms.htm"
"6210a00","securities broker dealers.htm"
"6230a00","securities broker dealers.htm"
"6230b10","property management firms.htm"
"6240a00","securities broker dealers.htm"
"6250a00","coin and bullion dealers.htm"
"6250b00","banks - commercial.htm"
"6310a00","insurance agents and brokers.htm"
"6380a00","financial planning firms.htm"
"6390a00","financial planning firms.htm"
"6411a00","accounting firms.htm"
"6411b00","accounting firms.htm"
"6412a00","insurance agents and brokers.htm"
"6412b00","insurance claims adjusters - independent and public.htm"
"6413a00","mortgage companies.htm"
"6414a00","management consulting firms.htm"
"6415a00","accounting firms.htm"
"6501a00","property management firms.htm"
"6520a00","manufactured home retailers.htm"
"6531a00","property management firms.htm"
"6532a00","property management firms.htm"
"6541a00","apartments cooperatives and condominiums.htm"
"6542a00","property management firms.htm"
"6550a00","apartments cooperatives and condominiums.htm"
"6550b00","apartments cooperatives and condominiums.htm"
"6580a00","real estate agents and brokers.htm"
"6610z00","building construction - general contractors.htm"
"6631a00","property management firms.htm"
"6631b00","building construction - general contractors.htm"
"6631c00","property management firms.htm"
"6631d00","apartments cooperatives and condominiums.htm"
"6632a00","property management firms.htm"
"6633a00","building construction - general contractors.htm"
"6650a00","building construction - general contractors.htm"
"6650a10","apartments cooperatives and condominiums.htm"
"6660a00","apartments cooperatives and condominiums.htm"
"6660a10","apartments cooperatives and condominiums.htm"
"6670a00","apartments cooperatives and condominiums.htm"
"6670a10","real estate agents and brokers.htm"
"6670b00","building construction - general contractors.htm"
"6670c00","apartments cooperatives and condominiums.htm"
"7011a00","hotels motels and conference centers.htm"
"7012a00","hotels motels and conference centers.htm"
"7021a00","hotels motels and conference centers.htm"
"7022a00","bed and breakfast inns.htm"
"7031a00","bed and breakfast inns.htm"
"7031b00","fraternity and sorority chapters.htm"
"7032a00","residential treatment facilities.htm"
"7041a00","camps - day and sleep-over.htm"
"7041b00","campgrounds.htm"
"7042a00","campgrounds.htm"
"7043a00","hotels motels and conference centers.htm"
"7044a00","campgrounds.htm"
"7051a00","hotels motels and conference centers.htm"
"7052a00","hotels motels and conference centers.htm"
"7053a00","hotels motels and conference centers.htm"
"7054a00","bed and breakfast inns.htm"
"7061a00","hotels motels and conference centers.htm"
"7062a00","hotels motels and conference centers.htm"
"7063a00","hotels motels and conference centers.htm"
"7210a00","laundromats.htm"
"7220a00","diaper services.htm"
"7220b00","linen suppliers and industrial launderers.htm"
"7221a00","dry cleaning.htm"
"7222a00","dry cleaning.htm"
"7261a00","cemeteries and memorial parks.htm"
"7262a00","crematories.htm"
"7263a00","cemeteries and memorial parks.htm"
"7291a00","funeral homes.htm"
"7292a00","video recording services.htm"
"7292b00","photographic studios.htm"
"7293z00","photographic studios.htm"
"7294a00","photographic studios.htm"
"7295a00","data storage centers.htm"
"7295b00","photographic studios.htm"
"7295c00","printing - commercial.htm"
"7296a00","beauty salons and barber shops.htm"
"7297a00","beauty salons and barber shops.htm"
"7297a10","beauty salons and barber shops.htm"
"7297b00","day spas.htm"
"7297c00","day spas.htm"
"7297d00","tattoo studios.htm"
"7298a00","tour operators.htm"
"7298b00","travel agencies.htm"
"7299a00","driver training schools - private.htm"
"7301a00","chimney cleaning services.htm"
"7301b00","fire extinguisher sales and service.htm"
"7311a00","advertising companies - outdoor.htm"
"7312a00","advertising agencies.htm"
"7312b00","marketing research firms.htm"
"7312c00","advertising agencies.htm"
"7313a00","graphic design firms.htm"
"7313b00","public relations agencies.htm"
"7320a00","collection agencies.htm"
"7321a00","chimney cleaning services.htm"
"7391a00","pest control operators.htm"
"7392a00","window cleaning contractors.htm"
"7393a00","property management firms.htm"
"7394a00","janitorial services.htm"
"7395a00","carpet and upholstery cleaners.htm"
"7396a00","alarm systems dealers and installers.htm"
"7400a00","printing - quick printers.htm"
"7401a00","auctioneers and auction houses.htm"
"7402a00","catering.htm"
"7403a00","call centers.htm"
"7403a10","call centers.htm"
"7403b00","guard and patrol services.htm"
"7403c00","investigation agencies.htm"
"7403d00","guard and patrol services.htm"
"7404a00","linen suppliers and industrial launderers.htm"
"7405a00","staffing services.htm"
"7405b00","staffing services.htm"
"7406a00","mail receiving services.htm"
"7407a00","data processing - payroll services.htm"
"7407b00","computer-aided mapping services.htm"
"7408a10","event planners.htm"
"7408a20","event planners.htm"
"7408b10","staffing services.htm"
"7408b20","academic testing services.htm"
"7408b90","personal trainers.htm"
"7408c10","professional employer organizations.htm"
"7408c20","management consulting firms.htm"
"7408c30","management consulting firms.htm"
"7408c40","wedding consultants.htm"
"7408c50","disaster recovery services.htm"
"7408c90","management consulting firms.htm"
"7408cH4","wedding consultants.htm"
"7408d10","architects and engineers.htm"
"7408d20","computer-aided mapping services.htm"
"7408e00","book publishing - commercial.htm"
"7408f00","investigation agencies.htm"
"7408g00","alternative health and wellness centers.htm"
"7408h00","alternative dispute resolution firms.htm"
"7408i00","recording studios.htm"
"7408j00","staffing services.htm"
"7408k00","accounting firms.htm"
"7408l00","taxidermists.htm"
"7408m00","magazine publishing.htm"
"7408n00","collection agencies.htm"
"7408p00","appraisers.htm"
"7408q00","court reporters.htm"
"7408r00","adoption agencies.htm"
"7408s00","dating services.htm"
"7409a00","musical instrument stores.htm"
"7410a00","modeling schools.htm"
"7411a00","construction equipment dealerships.htm"
"7411x00","oil or gas well drilling contractors.htm"
"7412a00","construction equipment dealerships.htm"
"7412x00","pile driving contractors.htm"
"7413a00","construction equipment dealerships.htm"
"7414a00","rental and leasing services - equipment.htm"
"7414z00","construction equipment dealerships.htm"
"7415a00","construction equipment dealerships.htm"
"7415x00","rental and leasing services - equipment.htm"
"7415z00","construction equipment dealerships.htm"
"7416a00","rental and leasing services - equipment.htm"
"7416c00","rental and leasing services - equipment.htm"
"7417a00","moving and storage firms.htm"
"7418a00","costume rental stores.htm"
"7541a00","automobile parking facilities.htm"
"7541b00","valet parking services.htm"
"7542a00","automobile parking facilities.htm"
"7543a00","automobile and truck rental agencies.htm"
"7543b00","automobile and truck rental agencies.htm"
"7544a00","appraisers.htm"
"7691a00","electronic repair services.htm"
"7692a00","electrical appliance stores.htm"
"7693a00","locksmiths.htm"
"7693b00","electronic repair services.htm"
"7693c00","gunsmiths.htm"
"7694a00","furniture refinishing and repair shops.htm"
"7811a00","video recording services.htm"
"7812a00","television broadcasting stations.htm"
"7831a00","movie theatres - indoor.htm"
"7832a00","theatres - live.htm"
"7840a00","drive-in movie theatres.htm"
"7911a00","billiard halls.htm"
"7912a00","bowling centers.htm"
"7913a00","family entertainment centers.htm"
"7914a00","casinos.htm"
"7915a00","casinos.htm"
"7920a00","museums.htm"
"7921a00","stadiums arenas and racetracks.htm"
"7921b00","health clubs.htm"
"7922a00","stadiums arenas and racetracks.htm"
"7923a00","stadiums arenas and racetracks.htm"
"7923b00","stadiums arenas and racetracks.htm"
"7924a00","stadiums arenas and racetracks.htm"
"7924b00","stadiums arenas and racetracks.htm"
"7925a00","stadiums arenas and racetracks.htm"
"7926a00","mobile disc jockeys.htm"
"7926b00","orchestras.htm"
"7927a00","orchestras.htm"
"7928a00","stadiums arenas and racetracks.htm"
"7929z00","event planners.htm"
"7931a00","tennis clubs.htm"
"7932a00","golf and country clubs.htm"
"7933a00","ice skating rinks.htm"
"7934a00","shooting range operations.htm"
"7935a00","sailing schools.htm"
"7936a00","clubs and organizations - nonprofit.htm"
"7937a00","health clubs.htm"
"7937a10","personal trainers.htm"
"7938z00","health clubs.htm"
"7939a00","bingo halls.htm"
"7941a00","golf and country clubs.htm"
"7942a00","clubs and organizations - nonprofit.htm"
"7960a00","stadiums arenas and racetracks.htm"
"7970a00","family entertainment centers.htm"
"7980a00","zoos.htm"
"7981a00","water amusement parks.htm"
"7981b00","water amusement parks.htm"
"7982a00","family entertainment centers.htm"
"7982z00","vending and amusement machine operators.htm"
"7983b00","skateboard parks.htm"
"7983z00","ice skating rinks.htm"
"7984a00","family entertainment centers.htm"
"7985a00","dance schools.htm"
"7986a00","fireworks manufacturing and exhibiting.htm"
"7987a00","stables and riding academies.htm"
"7988a00","ice skating rinks.htm"
"7989a00","family entertainment centers.htm"
"7991a00","golf and country clubs.htm"
"7992a00","golf driving ranges and miniature golf courses.htm"
"7993a00","water amusement parks.htm"
"7994a00","water amusement parks.htm"
"7995a00","swim clubs and swimming pools.htm"
"7996a00","ski shops.htm"
"7997a00","sightseeing operations and local tour operators.htm"
"7998a00","sightseeing operations and local tour operators.htm"
"7999a00","paintball courses.htm"
"7999b00","rafting outfitters.htm"
"7999c00","skydiving centers.htm"
"7999z00","family entertainment centers.htm"
"8010a00","health maintenance organizations.htm"
"8011a00","dermatologists offices.htm"
"8012a00","dermatologists offices.htm"
"8012b00","dermatologists offices.htm"
"8013a00","psychologists and psychiatrists offices.htm"
"8014a00","optometrists offices.htm"
"8015a00","medical imaging centers.htm"
"8016a00","dentists offices.htm"
"8017a00","medical imaging centers.htm"
"8018a00","physical rehabilitation centers - outpatient.htm"
"8019a00","dentists offices.htm"
"8021a00","chiropractors' offices.htm"
"8022a00","optometrists offices.htm"
"8023a00","optometrists offices.htm"
"8024a00","alternative health and wellness centers.htm"
"8025a00","podiatrists offices.htm"
"8026a00","dermatologists offices.htm"
"8026b00","electrology offices.htm"
"8027a00","audiologists.htm"
"8027b00","audiometric testing companies.htm"
"8027c00","hearing aid outlets.htm"
"8028a00","massage therapists.htm"
"8029a00","massage therapists.htm"
"8061a00","medical laboratories.htm"
"8062a00","medical laboratories.htm"
"8062b00","medical laboratories.htm"
"8062c00","hypnosis centers.htm"
"8062d00","speech-language pathologists.htm"
"8062e00","optometrists offices.htm"
"8062z00","blood banks.htm"
"8063a00","medical laboratories.htm"
"8064a00","medical laboratories.htm"
"8065a00","home health services.htm"
"8066a00","medical laboratories.htm"
"8072a00","nursing homes.htm"
"8073a00","assisted living facilities.htm"
"8074a00","rehabilitation facilities - substance abuse.htm"
"8075a00","hospice facilities.htm"
"8076a00","rehabilitation facilities - vocational training.htm"
"8076b00","clubs and organizations - nonprofit.htm"
"8080a00","acupuncturists.htm"
"8080b10","registered dietitians.htm"
"8080c00","home health services.htm"
"8080d00","hypnosis centers.htm"
"8080e00","alternative health and wellness centers.htm"
"8080f00","psychologists and psychiatrists offices.htm"
"8080g00","physical rehabilitation centers - outpatient.htm"
"8080h00","clubs and organizations - nonprofit.htm"
"8080z00","alternative health and wellness centers.htm"
"8081a00","medical laboratories.htm"
"8082a00","dna testing services.htm"
"8082b00","medical laboratories.htm"
"8083a00","dental laboratories.htm"
"8084a00","blood banks.htm"
"8084b00","clubs and organizations - nonprofit.htm"
"8084c00","blood banks.htm"
"8085a00","occupational safety and health consultants.htm"
"8085a10","occupational safety and health consultants.htm"
"8085b20","weight loss centers.htm"
"8085x00","occupational safety and health consultants.htm"
"8085z00","clubs and organizations - nonprofit.htm"
"8111a00","alternative dispute resolution firms.htm"
"8111b00","lawyers offices.htm"
"8111c00","paralegal offices.htm"
"8112a00","lawyers offices.htm"
"8291a00","libraries - public.htm"
"8292a20","museums.htm"
"8292b00","planetariums.htm"
"8293a00","zoos.htm"
"8301a00","daycare centers.htm"
"8301b00","daycare centers.htm"
"8302a00","schools - elementary - public and private.htm"
"8303a00","schools - secondary - public and private.htm"
"8304a00","schools - secondary - public and private.htm"
"8304b00","schools - secondary - public and private.htm"
"8310a00","colleges and universities.htm"
"8322a00","dance schools.htm"
"8322b00","martial arts schools.htm"
"8323z00","colleges and universities.htm"
"8324a00","vocational-technical schools - public and private.htm"
"8620a00","professional employer organizations.htm"
"8630a00","clubs and organizations - nonprofit.htm"
"8641a00","camps - day and sleep-over.htm"
"8642a00","clubs and organizations - nonprofit.htm"
"8643a00","clubs and organizations - nonprofit.htm"
"8644a00","clubs and organizations - nonprofit.htm"
"8650a00","clubs and organizations - nonprofit.htm"
"8660a00","clubs and organizations - nonprofit.htm"
"8661a00","clubs and organizations - nonprofit.htm"
"8671a00","houses of worship.htm"
"8672a00","houses of worship.htm"
"8673a00","clubs and organizations - nonprofit.htm"
"8910a00","environmental consulting firms.htm"
"8910b00","weather forecast services (private).htm"
"8910x00","environmental consulting firms.htm"
"8910z00","nondestructive testing contractors.htm"
"8911a00","appraisers.htm"
"8912a00","surveyors - land.htm"
"8912b00","surveyors - land.htm"
"8912x00","surveyors - land.htm"
"8912x10","surveyors - land.htm"
"8913a00","boiler maintenance contractors.htm"
"8913b00","elevator contractors.htm"
"8914a00","environmental consulting firms.htm"
"8915a00","architects and engineers.htm"
"8916a00","architects and engineers.htm"
"8916x00","architects and engineers.htm"
"8917a00","appraisers.htm"
"8917b00","appraisers.htm"
"8918a00","software development firms.htm"
"8918b00","internet service providers.htm"
"8918c00","website design firms.htm"
"8940z00","municipal governments.htm"
"8941a00","municipal governments.htm"
"8942a00","ambulance services and rescue squads.htm"
"8943a00","volunteer fire departments.htm"
"8944a00","botanical gardens.htm"
"8945a00","municipal governments.htm"
"8946a00","municipal governments.htm"
"8947a00","municipal governments.htm"
"8947z00","municipal governments.htm"
"8948a00","municipal governments.htm"
"8949a00","municipal governments.htm"
"8950a00","correctional facilities - private.htm"
